x,y,z
114.898423,22.922227,297.325892
114.898512,22.922271,298.70741
114.898602,22.922316,299.01936
114.898691,22.922362,298.95164
114.898773,22.922425,299.105123
114.898824,22.922504,299.075248
114.898811,22.922599,299.535199
114.898779,22.922686,300.785646
114.89874,22.922777,303.044914
114.898733,22.922877,304.909461
114.898753,22.922968,305.916814
114.898829,22.923047,307.184236
114.898902,22.923123,309.315671
114.898976,22.923187,310.588851
114.899054,22.923246,311.692723
114.899136,22.923303,313.857318
114.899234,22.923347,314.806174
114.89932,22.923392,316.722742
114.899416,22.923407,317.916362
114.8995,22.923355,318.027989
114.899572,22.923417,319.850409
114.899639,22.923493,322.220793
114.899721,22.923553,323.82188
114.899804,22.923607,325.253682
114.899907,22.923618,327.459697
114.900002,22.923592,327.50525
114.900101,22.923607,328.731653
114.900191,22.923641,330.607662
114.90029,22.923652,332.104596
114.900387,22.923671,335.006728
114.900466,22.923729,337.308137
114.900525,22.923803,339.791878
114.90063,22.923813,342.32317
114.900721,22.923846,347.025402
114.900808,22.923896,350.242311
114.900896,22.923947,352.066594
114.900957,22.924018,353.753416
114.901027,22.924087,356.824155
114.901124,22.924132,358.416987
114.901203,22.924188,359.908312
114.901304,22.924187,360.693312
114.9014,22.924161,361.547647
114.901507,22.924151,362.56722
114.901563,22.924074,365.151072
114.901624,22.924002,365.615703
114.901699,22.923935,366.792764
114.901797,22.923938,369.036772
114.901901,22.92394,369.863872
114.902004,22.92394,372.037294
114.902108,22.923937,371.852336
114.902214,22.92393,372.858915
114.902323,22.923919,373.519171
114.902423,22.923917,372.873514
114.902475,22.923832,373.849
114.902504,22.923742,375.401053
114.902554,22.923657,377.411486
114.902648,22.923622,380.706611
114.902749,22.923605,384.052172
114.902836,22.923564,386.648274
114.902932,22.923525,389.649889
114.903025,22.923499,391.367686
114.903116,22.923455,392.753085
114.903208,22.923406,394.205375
114.903309,22.923391,396.123128
114.903361,22.923314,399.070304
114.903412,22.923233,400.799967
114.903388,22.923146,401.547236
114.903386,22.923046,400.404755
114.903347,22.922963,401.185654
114.903301,22.922875,400.946636
114.903298,22.922781,400.588285
114.903345,22.922702,400.459801
114.903298,22.922605,401.715123
114.903241,22.922524,401.358677
114.90323,22.922431,401.644211
114.903179,22.922346,402.471977
114.903135,22.922262,402.893661
114.903174,22.922173,403.493432
114.903261,22.922129,403.687598
114.903288,22.922032,404.976075
114.90332,22.921946,407.107758
114.903344,22.921856,408.818895
114.903324,22.921754,410.262479
114.903327,22.921664,410.519675
114.903382,22.921588,412.00196
114.903419,22.921504,412.994676
114.903517,22.92149,414.523003
114.903611,22.921532,415.314522
114.903718,22.921532,416.361047
114.903818,22.921498,416.521355
114.90392,22.92147,417.355265
114.903988,22.921404,418.43217
114.904063,22.921345,420.652706
114.904109,22.921258,423.217649
114.904191,22.921204,425.281235
114.904292,22.921225,427.301499
114.904363,22.921156,428.223625
114.904434,22.921093,429.479768
114.904513,22.92103,430.359044
114.904611,22.921,431.322844
114.904708,22.920976,432.13496
114.904814,22.920964,433.827422
114.904913,22.920986,436.410719
114.905008,22.921025,440.974028
114.905097,22.921068,443.235437
114.905198,22.921052,444.918314
114.905283,22.921002,446.073063
114.905355,22.92093,448.447658
114.905441,22.920888,448.103005
114.905535,22.920848,447.232938
114.905635,22.920832,446.657109
114.905729,22.920874,446.390723
114.905822,22.920906,445.235546
114.905917,22.920865,445.063557
114.906007,22.920819,444.486815
114.906102,22.920859,444.289264
114.906188,22.920905,442.424897
114.906295,22.920906,441.534948
114.9064,22.920905,441.093066
114.906503,22.920927,440.182797
114.906602,22.920951,440.455924
114.906642,22.921033,439.725351
114.906746,22.921086,440.70672
114.906852,22.921095,443.004874
114.906954,22.921128,443.985003
114.907043,22.921172,445.093751
114.907129,22.921223,445.588493
114.907229,22.921259,446.421693
114.907335,22.92128,445.124952
114.907433,22.921271,445.014341
114.907546,22.921279,445.39409
114.90759,22.921186,444.46742
114.907673,22.921136,444.895454
114.907596,22.921079,446.102447
114.907605,22.920977,448.717692
114.907692,22.920928,452.881602
114.90779,22.920922,456.260507
114.907886,22.920948,460.609477
114.90798,22.92091,463.217728
114.908078,22.920878,464.164236
114.908133,22.9208,465.318247
114.908222,22.920749,468.426026
114.908317,22.920724,470.409878
114.908423,22.920713,472.014171
114.908524,22.920682,476.158831
114.908619,22.920651,478.521739
114.908709,22.920609,480.586888
114.908809,22.920617,484.822922
114.908913,22.920603,486.929465
114.909011,22.920595,489.101845
114.909088,22.920656,494.965354
114.909008,22.920718,497.265546
114.908921,22.920777,497.770988
114.908828,22.920819,499.446882
114.908762,22.920885,501.482084
114.908699,22.920955,503.253241
114.908666,22.921045,505.843619
114.908696,22.921134,508.323362
114.908768,22.9212,512.145371
114.908863,22.92115,515.165369
114.908962,22.921146,517.932905
114.909041,22.921092,520.193577
114.909148,22.92108,521.848114
114.909244,22.92106,524.696241
114.909339,22.921088,527.870452
114.909434,22.921062,529.168079
114.909535,22.921041,531.211116
114.909638,22.921043,533.11006
114.909719,22.921104,535.407246
114.909786,22.921172,538.900398
114.909884,22.921155,541.26393
114.909982,22.921143,541.81524
114.910086,22.921131,545.982876
114.910178,22.921163,549.417871
114.91027,22.921126,551.494775
114.910369,22.921129,553.564359
114.910467,22.921121,557.088315
114.910554,22.921167,560.066114
114.910658,22.921165,562.120462
114.910568,22.921213,566.681014
114.91047,22.921244,568.130948
114.910391,22.921297,568.79402
114.910302,22.921337,570.945993
114.91024,22.92141,572.633038
114.910341,22.921416,575.640375
114.910423,22.921362,577.657383
114.910518,22.921392,581.302088
114.910607,22.921435,583.655954
114.910704,22.921417,586.756916
114.910808,22.921418,589.785149
114.910895,22.921463,590.376116
114.910956,22.92154,591.158096
114.911057,22.921583,594.893669
114.911149,22.921616,596.327885
114.911249,22.921639,598.117628
114.911349,22.921623,601.807496
114.91144,22.921579,605.208427
114.911537,22.921569,607.371386
114.91163,22.921534,609.10148
114.911735,22.921525,612.564518
114.911833,22.921504,615.277337
114.911921,22.921455,619.378872
114.911987,22.921385,622.531689
114.912082,22.921347,625.469107
114.912165,22.921297,625.938859
114.912269,22.92131,630.793759
114.912367,22.921278,631.483001
114.912466,22.921298,635.345733
114.912546,22.921351,640.388045
114.912644,22.92133,646.957804
114.912738,22.921306,649.763059
114.912816,22.921243,653.037245
114.91291,22.92122,659.08653
114.913002,22.921189,661.700479
114.913097,22.921147,666.729078
114.913155,22.92107,671.149946
114.913237,22.921017,673.235119
114.913248,22.920924,678.514371
114.913335,22.920883,685.57159
114.913435,22.920887,690.477398
114.913524,22.920923,696.383105
114.91362,22.920943,701.729104
114.913666,22.920862,706.255892
114.913758,22.920833,711.42473
114.913797,22.920749,716.345813
114.913898,22.920772,719.837191
114.913996,22.920747,722.928861
114.913962,22.920662,729.439078
114.914061,22.920675,734.352131
114.914157,22.920689,737.624291
114.914257,22.920699,740.845877
114.914228,22.92061,746.11886
114.914239,22.920518,750.033775
114.914308,22.920442,781.695757
114.914263,22.920524,782.405828
114.914322,22.92045,784.687639
114.914263,22.920524,780.518279
114.914306,22.920442,785.119268
114.914356,22.920358,787.698668
114.914382,22.920267,790.593781
114.914479,22.920242,795.961015
114.914494,22.920149,798.781753
114.914566,22.920083,801.081088
114.914608,22.920001,805.901713
114.91466,22.91992,809.868129
114.914657,22.919826,815.195291
114.914712,22.919752,819.915618
114.914751,22.919666,830.15589
114.914728,22.919571,835.47315
114.914797,22.919506,839.626238
114.914846,22.919425,842.230814
114.91489,22.919344,840.944323
114.914894,22.919253,842.84818
114.914869,22.919164,841.961828
114.914849,22.919071,844.875866
114.914811,22.918978,846.0527
114.914884,22.918906,847.476878
114.91496,22.918833,849.47461
114.91501,22.918738,848.741042
114.915034,22.918645,848.76987
114.91508,22.918557,846.145297
114.915134,22.918472,844.219549
114.915159,22.918383,846.078693
114.915178,22.918292,843.981409
114.915196,22.918199,841.872705
114.91527,22.918122,842.378612
114.915361,22.918062,842.837205
114.91544,22.918004,843.210705
114.915495,22.917929,843.284925
114.915567,22.917859,842.849915
114.915634,22.917786,843.406278
114.915619,22.917685,842.677235
114.915676,22.917608,842.627357
114.915761,22.917556,842.553802
114.915848,22.917507,844.254314
114.915933,22.917459,846.006799
114.915993,22.917385,847.180608
114.916016,22.917297,848.435552
114.91604,22.917203,851.428487
114.916003,22.917118,852.118891
114.915956,22.917034,851.901839
114.915907,22.916954,853.784561
114.915836,22.916887,853.069812
114.915818,22.916795,851.958742
114.915822,22.916702,852.193111
114.915866,22.916617,853.173618
114.915943,22.916675,857.002891
114.916015,22.916739,859.292751
114.91611,22.916783,861.558478
114.916211,22.916814,865.892355
114.91631,22.916813,866.899669
114.916326,22.916715,868.780669
114.916334,22.916619,869.592107
114.916367,22.916525,869.475276
114.916359,22.916621,869.403936
114.916351,22.91672,868.52105
114.916357,22.916811,866.84307
114.916351,22.916903,865.671411
114.916393,22.916992,865.775313
114.916441,22.917075,866.703996
114.91652,22.917141,868.891687
114.916588,22.917208,870.071247
114.916687,22.917218,871.980056
114.916774,22.917166,876.119627
114.916871,22.917128,879.421207
114.916968,22.917118,881.74754
114.917047,22.917063,884.568154
114.917133,22.917018,887.501584
114.917233,22.916999,892.130576
114.917329,22.916967,895.085999
114.917428,22.916946,897.243691
114.91751,22.916892,898.029995
114.917605,22.91687,899.600885
114.917668,22.916794,900.254916
114.917705,22.916705,901.854601
114.91776,22.916629,903.132247
114.917859,22.916636,904.533188
114.917956,22.91666,907.461304
114.918054,22.916664,910.686118
114.918134,22.916611,914.457297
114.918226,22.91657,918.065067
114.918325,22.916553,920.999837
114.918428,22.916569,923.481978
114.918523,22.916588,925.708894
114.918616,22.916552,929.542846
114.918708,22.916584,932.491437
114.918805,22.916574,936.688339
114.918862,22.916648,940.34152
114.91896,22.916679,942.905332
114.919042,22.916621,944.444283
114.91914,22.916613,945.555429
114.919239,22.916628,949.915373
114.919263,22.916717,953.201827
114.919352,22.916763,956.735671
114.919454,22.916747,957.516337
114.919557,22.916747,956.966343
114.919655,22.916781,960.400504
114.919751,22.916764,964.30193
114.919847,22.916775,969.076466
114.919945,22.9168,973.103264
114.920044,22.916826,977.939101
114.920142,22.91683,983.511132
114.92023,22.91687,985.614942
114.920293,22.916943,989.927945
114.92034,22.917026,1000.636775
114.920403,22.9171,1001.458681
114.920416,22.917196,1003.380771
114.920516,22.917172,1009.126584
114.920601,22.917119,1012.942555
114.92069,22.917083,1015.39898
114.920787,22.917113,1020.978414
114.920828,22.9172,1026.177089
114.92092,22.917238,1033.706715
114.920948,22.917332,1036.693301
114.920993,22.917413,1042.909425
114.920998,22.917506,1046.558578
114.921,22.917605,1049.46528
114.92097,22.917699,1052.955274
114.920945,22.917787,1055.591476
114.920951,22.917878,1059.880157
114.921034,22.917929,1064.67331
114.921103,22.917996,1067.950062
114.921173,22.91806,1071.331092
114.92124,22.918128,1074.099971
114.921317,22.918187,1075.219316
114.921371,22.918267,1078.785887
114.921448,22.918328,1083.155702
114.921439,22.918237,1087.002369
114.921459,22.918147,1090.125894
114.921556,22.918148,1101.472354
114.921609,22.918229,1104.823562
114.921671,22.918302,1110.052536
114.921757,22.918346,1114.278791
114.921862,22.918364,1118.548215
114.921962,22.918372,1121.105883
114.922051,22.918416,1124.074471
114.92211,22.91849,1126.327117
114.922134,22.918578,1128.513662
114.922149,22.91867,1131.485446
114.922184,22.918759,1132.892654
114.922263,22.918818,1135.610524
114.922329,22.918889,1137.982974
114.922348,22.918986,1140.058321
114.922423,22.919048,1141.837072
114.922496,22.919114,1141.289653
114.922454,22.919199,1141.413569
114.922491,22.919288,1143.35726
114.922553,22.91936,1144.268476
114.9226,22.919443,1144.982783
114.92256,22.919527,1148.755316
114.922618,22.919608,1151.39136
114.922718,22.919627,1151.400325
114.922816,22.919643,1151.757773
114.922907,22.919684,1153.275088
114.922975,22.919755,1154.899277
114.922893,22.91981,1156.345949
114.922902,22.919905,1159.185101
114.922945,22.91999,1161.308309
114.922993,22.920077,1163.016019
114.923031,22.920165,1163.718784
114.923073,22.920254,1164.000122
114.923111,22.920339,1164.454662
114.923147,22.920433,1165.137632
114.923208,22.92051,1165.884394
114.923277,22.92058,1166.224499
114.923347,22.920647,1167.241011
114.923435,22.920701,1167.859701
114.923535,22.920734,1168.535403
114.923602,22.920805,1169.008731
114.923641,22.920893,1169.562833
114.923657,22.920983,1169.837889
114.923707,22.921069,1169.950709
114.923757,22.921151,1170.273307
114.92381,22.921237,1171.257194
114.923848,22.921329,1171.38386
114.923849,22.921421,1171.096687
114.923821,22.921515,1171.632514
114.923784,22.921603,1171.916581
114.923789,22.921696,1171.982053
114.923811,22.921791,1172.018317
114.923834,22.921884,1172.123566
114.923854,22.921975,1172.859334
114.92389,22.922063,1173.625875
114.923903,22.922156,1174.496991
114.923922,22.922249,1175.865047
114.923969,22.922333,1177.658562
114.924002,22.922429,1178.243775
114.92403,22.922516,1178.78686
114.924058,22.922608,1179.118695
114.924047,22.922699,1178.956465
114.924105,22.92278,1178.451355
114.924175,22.92285,1176.732065
114.924265,22.922909,1177.584895
114.924345,22.922961,1177.972933
114.924409,22.923041,1179.688597
114.924449,22.923131,1181.034138
114.924458,22.923227,1182.610455
114.924458,22.923322,1183.181969
114.924453,22.923415,1183.861501
114.924437,22.923508,1184.425903
114.924434,22.923605,1184.899752
114.924392,22.92369,1184.908208
114.924334,22.923766,1184.782706
114.924304,22.923855,1184.343863
114.924278,22.923947,1185.828444
114.924277,22.924045,1186.137778
114.924287,22.924143,1186.864047
114.924317,22.924242,1188.517929
114.924342,22.924334,1190.715277
114.924356,22.924429,1191.727664
114.924351,22.924523,1192.44493
114.924342,22.924619,1192.239846
114.924308,22.924715,1192.258848
114.924267,22.924805,1192.109472
114.924262,22.924904,1191.715985
114.924253,22.924999,1190.936019
114.924263,22.9251,1189.967842
114.924257,22.925191,1188.608141
114.924232,22.925284,1186.449812
114.924218,22.925383,1185.691523
114.92419,22.925474,1185.527619
114.92419,22.925574,1185.965566
114.924196,22.925667,1186.890584
114.924197,22.925763,1187.312403
114.924215,22.925855,1188.044795
114.92423,22.92595,1188.42347
114.924218,22.926047,1188.477013
114.924231,22.926139,1189.035857
114.924249,22.926238,1189.202424
114.924241,22.92633,1189.376565
114.924218,22.926427,1190.298455
114.924196,22.926527,1191.093829
114.924153,22.926615,1191.226846
114.924102,22.926698,1192.216095
114.924042,22.926774,1193.415884
114.923977,22.926848,1194.558618
114.92395,22.926936,1195.059573
114.923911,22.92702,1195.915206
114.92389,22.927109,1195.824116
114.92386,22.927204,1197.098347
114.923824,22.927292,1197.855627
114.923791,22.927378,1198.07058
114.923751,22.92747,1198.929787
114.923701,22.927558,1199.68021
114.923649,22.927644,1200.856792
114.923633,22.927736,1201.563758
114.923649,22.927831,1200.894042
114.923657,22.92794,1202.481483
114.923619,22.928024,1203.423609
114.923547,22.928108,1204.544522
114.923478,22.928175,1205.046824
114.923411,22.928241,1205.421229
114.923447,22.928153,1204.813787
114.923526,22.928094,1204.452637
114.923604,22.92802,1202.437443
114.92364,22.927934,1201.658448
114.923648,22.927842,1201.174337
114.923545,22.927832,1200.981617
114.923477,22.927908,1199.763884
114.923396,22.927977,1197.456587
114.923299,22.928016,1198.651694
114.923191,22.928036,1197.584049
114.923089,22.928055,1198.694929
114.922982,22.928061,1200.086158
114.922886,22.928119,1200.423837
114.922782,22.928153,1200.338861
114.922692,22.928194,1199.977748
114.922596,22.928246,1199.784156
114.92252,22.928319,1199.236721
114.922458,22.9284,1198.340024
114.922394,22.928482,1196.040875
114.922337,22.928556,1194.310911
114.922267,22.928619,1193.036549
114.922181,22.928685,1192.918219
114.922113,22.92876,1191.462652
114.922064,22.928852,1190.363753
114.922028,22.928941,1190.111825
114.921996,22.929038,1189.223848
114.921971,22.929128,1188.718414
114.921947,22.929222,1188.320115
114.921907,22.929314,1186.272765
114.921874,22.929413,1185.844703
114.921809,22.929492,1185.927061
114.921762,22.929571,1185.542723
114.921697,22.929647,1185.894648
114.921632,22.929718,1186.136324
114.921552,22.929796,1188.108425
114.921478,22.929862,1188.845849
114.921405,22.929929,1190.136402
114.921342,22.93,1190.923543
114.921297,22.930081,1191.632724
114.921239,22.930162,1192.232422
114.921162,22.930219,1193.359921
114.921085,22.930278,1194.907885
114.921003,22.93033,1196.414714
114.920899,22.93035,1196.986626
114.920813,22.9304,1197.942909
114.920758,22.930476,1199.763152
114.920729,22.930564,1200.496403
114.920746,22.930658,1201.117582
114.920757,22.930749,1200.154528
114.92067,22.930811,1199.780742
114.920594,22.930869,1199.331175
114.920518,22.930936,1199.80049
114.920438,22.930989,1200.389926
114.920358,22.931046,1201.084736
114.920286,22.931112,1202.068948
114.920224,22.931184,1202.593622
114.920155,22.931261,1202.806282
114.920098,22.931338,1202.706051
114.920038,22.931415,1202.09802
114.919973,22.93149,1202.664487
114.9199,22.931566,1202.617449
114.919807,22.931621,1200.008501
114.919712,22.93165,1195.67639
114.919619,22.931684,1191.318233
114.919531,22.931725,1186.851074
114.919442,22.931763,1182.621717
114.919349,22.931808,1176.721
114.91925,22.931801,1171.031099
114.919193,22.931725,1162.877461
114.919121,22.931663,1158.169018
114.919039,22.931609,1153.046275
114.918954,22.931562,1150.173023
114.918881,22.931502,1147.766
114.918785,22.931472,1146.311527
114.918689,22.931498,1143.439754
114.91859,22.931478,1141.00078
114.918496,22.931513,1137.421754
114.918398,22.931534,1135.329214
114.918313,22.931583,1134.540196
114.918218,22.931614,1133.487109
114.918131,22.93167,1130.180212
114.91807,22.931746,1128.188621
114.918034,22.931834,1125.138086
114.917954,22.931891,1121.561036
114.917895,22.931968,1119.41481
114.917857,22.932052,1117.077516
114.917785,22.932121,1111.854152
114.917756,22.932213,1108.954328
114.917672,22.932261,1103.879308
114.917569,22.932244,1102.05802
114.91748,22.932209,1099.80475
114.91739,22.932172,1100.866195
114.917324,22.932102,1099.639535
114.917252,22.932038,1099.036446
114.917185,22.93211,1098.798835
114.917195,22.932013,1099.871491
114.91728,22.931951,1100.080014
114.917332,22.931868,1100.031937
114.917387,22.931794,1099.24606
114.917389,22.931696,1098.732322
114.917379,22.931597,1099.065531
114.917354,22.931504,1097.532039
114.91732,22.931413,1097.761361
114.917282,22.931329,1097.787871
114.917222,22.931248,1096.682962
114.917186,22.931154,1096.31599
114.917122,22.931081,1096.045905
114.917046,22.931017,1097.242302
114.916957,22.930973,1097.561279
114.916855,22.930952,1098.91351
114.916757,22.930941,1100.494957
114.91666,22.930963,1100.926108
114.916565,22.931001,1100.652393
114.916468,22.93104,1100.70788
114.916365,22.931037,1100.335073
114.916262,22.931061,1100.097192
114.916172,22.931103,1099.566477
114.916071,22.931132,1099.455955
114.915976,22.931154,1098.693658
114.915874,22.931117,1099.240728
114.915776,22.93109,1098.476446
114.915675,22.931053,1100.149137
114.915569,22.931051,1100.2816
114.915462,22.931059,1099.030123
114.915366,22.931074,1098.854054
114.915268,22.9311,1099.266023
114.91517,22.931127,1100.376573
114.915063,22.931139,1100.362896
114.914955,22.931174,1101.529841
114.914862,22.931224,1100.504307
114.914757,22.931254,1099.699429
114.914645,22.931263,1100.280239
114.914533,22.931271,1100.923184
114.914433,22.931277,1100.229458
114.914335,22.931298,1099.941006
114.914228,22.931345,1099.006436
114.914122,22.931393,1098.063442
114.914033,22.931439,1096.548794
114.913929,22.931468,1096.253994
114.913832,22.931487,1096.817593
114.913731,22.93151,1093.964124
114.913627,22.931542,1095.208607
114.913524,22.931553,1096.723711
114.91343,22.931576,1098.325615
114.91333,22.931592,1098.999957
114.913228,22.931586,1098.66406
114.913223,22.93168,1096.883812
114.913194,22.931774,1097.980326
114.913209,22.931869,1099.263246
114.913208,22.931968,1099.920565
114.913229,22.932063,1099.393847
114.913248,22.932158,1099.228796
114.913254,22.932249,1098.411657
114.913154,22.932268,1097.608397
114.913085,22.932193,1096.245374
114.91303,22.932109,1093.682021
114.912948,22.932043,1092.137089
114.912857,22.932005,1091.307801
114.912758,22.931991,1091.298503
114.912661,22.931949,1090.936125
114.912555,22.93195,1090.117105
114.912455,22.931956,1089.737994
114.91235,22.931965,1089.148162
114.912244,22.931959,1088.7146
114.912148,22.931985,1087.866998
114.912085,22.932057,1087.785837
114.912085,22.932149,1087.449018
114.912087,22.932241,1086.847969
114.912063,22.932151,1088.563533
114.912013,22.932068,1088.344876
114.91191,22.932058,1087.453664
114.911805,22.932046,1086.74907
114.911702,22.932039,1085.871527
114.911603,22.932058,1084.642454
114.911503,22.932028,1081.128815
114.911403,22.932032,1080.392548
114.9113,22.932057,1078.449171
114.911208,22.932086,1077.809067
114.911112,22.932121,1077.386118
114.911008,22.932143,1077.183346
114.910937,22.932212,1075.523967
114.910855,22.932262,1075.23998
114.910787,22.932335,1074.056098
114.910726,22.932409,1072.620604
114.910644,22.932463,1071.232483
114.91056,22.93252,1070.247688
114.910473,22.932564,1069.452777
114.910386,22.932622,1067.537671
114.910293,22.932678,1067.358239
114.910211,22.932728,1066.59392
114.91013,22.932784,1065.919004
114.910065,22.932862,1065.366132
114.910043,22.932952,1063.905995
114.910002,22.933035,1062.395754
114.909956,22.933124,1060.273771
114.909897,22.933206,1060.006943
114.909842,22.933287,1059.69295
114.909773,22.933361,1059.552746
114.909692,22.933427,1061.089173
114.909621,22.933499,1061.147224
114.909548,22.933572,1060.013089
114.909455,22.933609,1057.647412
114.909359,22.933635,1056.214803
114.90927,22.933675,1052.875776
114.909188,22.933727,1051.33168
114.909109,22.933792,1049.318331
114.90903,22.933854,1047.317786
114.908975,22.933934,1046.155213
114.908987,22.934031,1044.421468
114.909008,22.934123,1042.551458
114.909044,22.934212,1042.181516
114.909051,22.93431,1042.18311
114.90899,22.934393,1041.340625
114.908932,22.934467,1040.596284
114.908977,22.934381,1033.055892
114.909021,22.934296,1034.02225
114.90901,22.934205,1034.606873
114.909001,22.934111,1035.111151
114.908959,22.934022,1036.416765
114.908983,22.933921,1040.246266
114.908977,22.934015,1037.536963
114.908977,22.934108,1035.572235
114.909003,22.934201,1034.924367
114.909002,22.934294,1034.307208
114.908951,22.934378,1034.19719
114.908863,22.934428,1032.762776
114.908962,22.934399,1033.40563
114.909027,22.934326,1034.089194
114.909028,22.934221,1034.872483
114.909027,22.93413,1036.502198
114.909032,22.934038,1036.302712
114.908973,22.93396,1037.210171
114.908966,22.933868,1040.129361
114.908976,22.93396,1038.48851
114.909006,22.933864,1041.787899
114.909076,22.933798,1043.51387
114.909159,22.933734,1045.369668
114.909238,22.93368,1048.240087
114.909336,22.933639,1050.196061
114.909422,22.933592,1052.199596
114.909331,22.933629,1050.501906
114.909249,22.933685,1040.765281
114.909164,22.933733,1038.979087
114.909085,22.933797,1038.360077
114.908996,22.93385,1037.523603
114.908947,22.93393,1037.480108
114.908978,22.933843,1046.615129
114.908985,22.933954,1045.900457
114.908952,22.933865,1046.140272
114.909049,22.933839,1045.355764
114.90896,22.933883,1044.002047
114.908966,22.933977,1042.56472
114.908873,22.93401,1036.592606
114.90879,22.933959,1032.714293
114.908697,22.93393,1028.463083
114.908609,22.933886,1024.347537
114.908507,22.933871,1019.447827
114.908406,22.933863,1014.487068
114.908312,22.933822,1012.084726
114.908253,22.933748,1007.012387
114.90829,22.933662,1006.372846
114.908208,22.933614,1003.944205
114.908118,22.933572,999.005555
114.908058,22.933498,992.597475
114.908002,22.933415,988.737208
114.907975,22.933325,985.684471
114.907916,22.933251,981.989971
114.907894,22.933159,978.593766
114.907794,22.933154,975.743837
114.907702,22.933109,969.789073
114.907639,22.933036,966.070029
114.907539,22.933007,962.736508
114.907445,22.933032,958.756276
114.907347,22.932993,955.948792
114.907262,22.932946,952.631683
114.907181,22.932892,949.189939
114.907128,22.93281,945.574858
114.907065,22.93274,941.200367
114.906967,22.932724,938.429418
114.906866,22.932724,936.951772
114.906775,22.932685,933.28493
114.906674,22.932666,931.071771
114.906569,22.932656,930.391703
114.906487,22.932606,929.65778
114.906389,22.932571,931.505882
114.906293,22.932547,928.857355
114.906286,22.932441,927.083534
114.906218,22.932372,925.904683
114.906175,22.932287,923.501808
114.906081,22.932246,919.226376
114.906041,22.932155,915.203013
114.905986,22.932077,912.083318
114.905885,22.932074,909.564224
114.9058,22.93213,909.893846
114.905689,22.932131,909.07054
114.905586,22.932146,908.852874
114.90549,22.932186,908.547494
114.905402,22.932246,907.299927
114.905305,22.932272,906.922659
114.905193,22.932279,907.395964
114.905074,22.932245,906.864627
114.904977,22.932202,905.149899
114.904878,22.932221,905.246192
114.904786,22.93225,901.818564
114.904675,22.932277,902.897552
114.904579,22.932325,902.317334
114.904489,22.932401,902.348709
114.904401,22.932444,901.260197
114.904323,22.932388,898.741838
114.904222,22.932377,899.182914
114.904124,22.932385,899.096933
114.904011,22.932377,898.480167
114.903923,22.932336,898.485986
114.903847,22.93227,899.885857
114.903763,22.932217,900.202079
114.903687,22.93215,897.786264
114.903597,22.932101,895.932575
114.903505,22.932062,892.932333
114.903405,22.932041,888.621769
114.90331,22.932005,886.035976
114.903226,22.931958,883.693501
114.903129,22.931918,881.431249
114.903056,22.931856,878.237007
114.902959,22.931839,876.074675
114.902893,22.93177,872.470447
114.902795,22.931746,868.198921
114.902691,22.93173,865.013268
114.902592,22.931718,864.086246
114.902506,22.931673,863.952553
114.902421,22.931612,864.368825
114.902328,22.931572,864.338971
114.902276,22.931489,862.174216
114.902191,22.931426,860.543516
114.902123,22.931344,861.522175
114.902019,22.93132,862.550123
114.901919,22.931352,859.137155
114.901828,22.931305,854.41264
114.901736,22.93135,850.011586
114.901637,22.931344,843.811746
114.901538,22.931325,836.364907
114.901465,22.931264,833.420801
114.901388,22.931207,829.429969
114.901301,22.931252,825.26504
114.901199,22.931271,818.449996
114.901152,22.931191,812.325163
114.901158,22.931098,808.550601
114.90114,22.931002,803.864302
114.901175,22.930913,800.589483
114.901233,22.93084,797.07084
114.901285,22.930763,791.006851
114.901284,22.930667,788.121766
114.90134,22.93059,782.993424
114.901362,22.930493,773.444182
114.901378,22.930403,771.096569
114.901449,22.93034,763.344148
114.901487,22.930252,760.243685
114.901399,22.930199,753.410696
114.901353,22.930284,746.488078
114.901279,22.930203,746.910694
114.901449,22.930062,739.688811
114.901486,22.929975,734.6041
114.901425,22.929903,728.369856
114.901506,22.929849,723.072105
114.901512,22.929755,719.827464
114.901508,22.92966,718.474592
114.901563,22.929583,716.593432
114.901648,22.929538,716.190752
114.901743,22.929508,716.415051
114.901662,22.929456,710.868691
114.901707,22.929374,705.217974
114.901764,22.929293,701.009582
114.901829,22.92922,693.519753
114.901862,22.929133,691.029881
114.901832,22.929047,685.253434
114.901871,22.928959,682.137646
114.901871,22.928868,673.912428
114.901832,22.928783,667.843375
114.901767,22.928713,662.478555
114.901779,22.928622,654.704252
114.901707,22.928551,645.135597
114.901737,22.928464,640.390684
114.901652,22.928417,636.01607
114.901559,22.928386,631.043595
114.901475,22.928337,625.857613
114.901419,22.928252,619.99065
114.901353,22.928184,616.573394
114.901404,22.928106,606.939895
114.901335,22.928041,603.761659
114.901427,22.928005,599.907749
114.901386,22.927922,594.802353
114.901358,22.927835,593.120813
114.901293,22.927746,587.467944
114.901374,22.927687,582.649455
114.901455,22.927637,576.355539
114.901538,22.927586,571.83443
114.901614,22.927529,567.06885
114.901657,22.927446,560.932452
114.901625,22.927356,559.364966
114.901566,22.92728,560.556471
114.901469,22.927254,559.510597
114.90148,22.927163,536.099546
114.901498,22.927072,532.355245
114.90152,22.926982,527.446659
114.901578,22.926907,525.520016
114.901635,22.926991,522.833431
114.901695,22.926906,517.554411
114.901686,22.926816,516.534015
114.901711,22.926726,514.592494
114.901791,22.926664,512.141004
114.901814,22.926575,508.16392
114.901716,22.92656,504.731671
114.901618,22.926524,504.881668
114.901679,22.926446,505.095719
114.901582,22.926465,504.92107
114.901656,22.926406,504.104261
114.901719,22.926477,503.557249
114.901811,22.926436,500.652046
114.90178,22.926351,495.768557
114.901767,22.926441,499.00499
114.901791,22.92635,494.835796
114.901893,22.926348,493.816771
114.901494,22.926523,493.859058
114.901602,22.926382,493.977396
114.901712,22.926387,493.871161
114.901625,22.926431,500.823375
114.901524,22.92649,500.474267
114.901421,22.926506,500.45055
114.901314,22.926497,502.190174
114.901211,22.926527,502.074027
114.901136,22.926586,502.02943
114.901046,22.926629,501.939869
114.90095,22.926647,501.247915
114.900841,22.926679,500.267554
114.900738,22.926703,499.671959
114.900628,22.926741,498.016221
114.900498,22.92676,496.855876
114.900408,22.926805,496.190445
114.900277,22.926805,495.691111
114.900176,22.926784,495.672718
114.900088,22.926718,494.516868
114.900006,22.926651,492.989321
114.899925,22.926579,490.161042
114.899831,22.926514,488.429982
114.899722,22.926482,486.543504
114.899622,22.926496,484.844272
114.899522,22.926519,483.954186
114.899401,22.926547,481.852991
114.899289,22.926539,480.955676
114.899221,22.926468,479.861692
114.899279,22.926389,478.293287
114.899395,22.926372,476.806991
114.899499,22.926344,476.354742
114.899577,22.926265,473.936497
114.899619,22.926183,473.293245
114.899651,22.926083,472.293418
114.899726,22.92601,471.235481
114.899813,22.925967,470.438768
114.899916,22.925995,468.594184
114.899988,22.926077,466.144264
114.900039,22.926156,464.793524
114.900137,22.926199,463.462842
114.900233,22.926145,462.211312
114.9003,22.926063,461.235284
114.900406,22.92601,460.131556
114.900517,22.925958,457.993832
114.900626,22.925913,456.138471
114.90073,22.92591,456.228871
114.900762,22.925819,454.860775
114.900674,22.925768,453.437338
114.900559,22.92579,451.447924
114.900441,22.925811,449.016849
114.900338,22.925798,447.07539
114.900225,22.925758,445.567002
114.900129,22.925699,444.051226
114.900074,22.925616,443.210725
114.90009,22.925513,442.377617
114.900107,22.925409,441.083808
114.900141,22.925308,439.590468
114.900216,22.925244,438.28669
114.900237,22.925136,436.113588
114.90018,22.925049,434.190762
114.900103,22.924974,432.037869
114.900001,22.924933,430.743825
114.899895,22.924908,429.607367
114.899815,22.924852,428.552897
114.899815,22.924759,427.121823
114.899895,22.9247,424.452469
114.899996,22.924703,423.726297
114.900089,22.92474,424.040392
114.900182,22.924786,422.486102
114.900262,22.924859,422.759041
